DROP TABLE IF EXISTS turnos;
CREATE TABLE turnos (
    id INTEGER PRIMARY KEY,
    periodo VARCHAR(31)
);

INSERT INTO turnos (id, periodo)
VALUES

(1, "Matutino"),
(2, "Vespertino"),
(3, "Noturno");

DROP TABLE IF EXISTS generos;
CREATE TABLE generos (
    id INTEGER PRIMARY KEY,
    genero VARCHAR(63)
);

INSERT INTO generos (id, genero)
VALUES
(1, "Masculino"),
(2, "Feminino"),
(3, "Prefiro não dizer"),
(4, "Outros");

DROP TABLE IF EXISTS cursos;

CREATE TABLE cursos (
    id INTEGER PRIMARY KEY,
    nome VARCHAR(255),
    id_turnos INTEGER
);

INSERT INTO cursos (id, nome, id_turnos) 
VALUES
(1, "Programador de Sistemas", 2),
(2, "Redes de Computadores", 1),
(3, "Banco de Dados", 3),
(4, "Desenvolvimento Web", 2),
(5, "Ciência da Computação", 2),
(6, "Engenharia de Software", 1),
(7, "Desenvolvimento Mobile", 1),
(8, "Inteligência Artificial", 3),
(9, "Design Gráfico", 1),
(10, "Marketing Digital", 2),
(11, "Análise de Sistemas", 2);

DROP TABLE IF EXISTS alunos;

CREATE TABLE alunos (
    id INTEGER PRIMARY KEY,
    nome VARCHAR(255),
    id_cursos INTEGER,
    idade INTEGER,
    cpf CHAR(14),
    id_generos INTEGER,
    telefone VARCHAR(18),
    email VARCHAR(255)
);

INSERT INTO alunos (id, nome, id_cursos, idade, cpf, id_generos, telefone, email) 
VALUES
(1, "Fulano", 1, 34, "012.345.678-90", 1, "(62)98765-4321", "fulaninho.maverick@gmail.com"),
(2, "Ciclano", 2, 29, "123.456.789-01", 1, "(11)91234-5678", "ciclano.redes@gmail.com"),
(3, "Maria da Silva", 4, 22, "234.567.890-12", 3, "(21)99876-5432", "maria.webdev@gmail.com"),
(4, "João Pedro", 6, 25, "345.678.901-23", 4, "(31)98877-6543", "joao.engsoft@gmail.com"),
(5, "Fernanda Oliveira", 3, 27, "456.789.012-34", 2, "(41)99788-7654", "fernanda.db@gmail.com"),
(6, "Paulo Henrique", 11, 33, "567.890.123-45", 1, "(51)98799-8765", "paulo.analisesis@gmail.com"),
(7, "Ana Beatriz", 9, 21, "678.901.234-56", 2, "(61)97654-3210", "ana.design@gmail.com"),
(8, "Rodrigo Santos", 5, 30, "789.012.345-67", 4, "(71)96543-2109", "rodrigo.cc@gmail.com"),
(9, "Larissa Pereira", 10, 28, "890.123.456-78", 2, "(81)95432-1098", "larissa.marketing@gmail.com"),
(10, "Lucas Costa", 7, 26, "901.234.567-89", 3, "(91)94321-0987", "lucas.mobiledev@gmail.com"),
(11, "Julia Mendes", 8, 24, "012.345.678-91", 2, "(51)93210-9876", "julia.ai@gmail.com");

UPDATE alunos
SET idade = '40', email = 'old.maverick@gmail.com'
WHERE id = 1;

-- DELETE FROM alunos WHERE id = 2;
-- DELETE FROM alunos WHERE genero = 'Masculino';

-- UPDATE alunos
-- SET curso = 'Analista de Dados';

-- SELECT alunos.nome, idade, cursos.nome 
-- FROM alunos 
-- JOIN cursos ON alunos.id_cursos = cursos.id;